{"cameraMode":{"drawMode":0,"name":"Shaded","section":"Shading Mode"},"sceneLighting":false,"audioPlay":false,"sceneViewState":{"m_AlwaysRefresh":false,"showFog":true,"showSkybox":true,"showFlares":true,"showImageEffects":true,"showParticleSystems":true,"showVisualEffectGraphs":true,"m_FxEnabled":true},"in2DMode":false,"pivot":{"x":-12.305791854858399,"y":4.842535495758057,"z":9.60927963256836},"rotation":{"x":0.005761091131716967,"y":0.9731042981147766,"z":-0.2294345498085022,"w":0.024424590170383455},"size":0.8660253882408142,"orthographic":false}