{"cameraMode":{"drawMode":0,"name":"Shaded","section":"Shading Mode"},"sceneLighting":false,"audioPlay":false,"sceneViewState":{"m_AlwaysRefresh":false,"showFog":true,"showSkybox":true,"showFlares":true,"showImageEffects":true,"showParticleSystems":true,"showVisualEffectGraphs":true,"m_FxEnabled":true},"in2DMode":false,"pivot":{"x":19.67558479309082,"y":-1.3480781316757203,"z":0.7018350958824158},"rotation":{"x":-0.005334521643817425,"y":-0.09138892590999603,"z":0.0010834374697878957,"w":-0.9961130619049072},"size":2.952483892440796,"orthographic":false}