{"cameraMode":{"drawMode":0,"name":"Shaded","section":"Shading Mode"},"sceneLighting":true,"audioPlay":false,"sceneViewState":{"m_AlwaysRefresh":false,"showFog":true,"showSkybox":true,"showFlares":true,"showImageEffects":true,"showParticleSystems":true,"showVisualEffectGraphs":true,"m_FxEnabled":true},"in2DMode":false,"pivot":{"x":6.598597526550293,"y":1.5712416172027588,"z":-15.029423713684082},"rotation":{"x":-0.03894120082259178,"y":-0.05541696771979332,"z":0.0021815039217472078,"w":-0.9977599382400513},"size":0.7277366518974304,"orthographic":false}