{"cameraMode":{"drawMode":0,"name":"Shaded","section":"Shading Mode"},"sceneLighting":false,"audioPlay":false,"sceneViewState":{"m_AlwaysRefresh":false,"showFog":true,"showSkybox":true,"showFlares":true,"showImageEffects":true,"showParticleSystems":true,"showVisualEffectGraphs":true,"m_FxEnabled":true},"in2DMode":false,"pivot":{"x":15.125089645385743,"y":6.128383636474609,"z":0.6559658050537109},"rotation":{"x":0.10208039730787277,"y":-0.12920255959033967,"z":0.013481075875461102,"w":0.9863438010215759},"size":11.089967727661133,"orthographic":false}